Time (ms),AI (Act),AI (Pred),DT (Act),DT (Pred),MURHO (Act),MURHO (Pred),PHIT (Act),PHIT (Pred),POIS (Act),POIS (Pred),VPVS (Act),VPVS (Pred),GR (Act),GR (Pred),RHOB (Act),RHOB (Pred),VSH (Act),VSH (Pred),PHIE (Act),PHIE (Pred),SWE (Act),SWE (Pred),LMRHO (Act),LMRHO (Pred),RHOB (Phys Derived)
2132.0,11384.81464,11845.224402125059,67.39040977777779,65.30580357399857,18.93343733333333,21.24027738725093,0.0924644444444444,0.07566590833791098,0.2138786666666666,0.20039426002367014,1.659509777777778,1.6397139145593203,36.33179555555555,53.30829790022854,2.5083155555555554,2.526201510559079,0.1051666666666666,0.18488972019474073,0.0756355555555555,0.05839404889388059,0.2869044444444444,0.6554972602646957,13.937273333333335,13.651151601443864,2.5379327365325253
2134.0,11196.896314285714,11833.94164584743,67.86052857142856,65.50200382225934,18.22149857142857,21.526321670736838,0.1029375,0.07511060067829957,0.2170651785714285,0.1996254367630743,1.6639473214285714,1.6407342961651925,30.496285714285712,52.86162929759498,2.4905250000000003,2.520683804577558,0.0766285714285714,0.17760357317630296,0.0906660714285714,0.05926544025798316,0.1945803571428571,0.6548885699135366,13.924934642857142,13.63013634445113,2.5431328442214314
2136.0,11466.410324285713,11830.220081121952,64.95261660714286,65.3363271590227,20.31645,21.57129309071818,0.0879446428571428,0.0748001217223036,0.1997046428571428,0.1996201691124291,1.6338694642857143,1.6402939477411058,44.98674821428572,49.534708204751865,2.4392285714285715,2.515818878558035,0.1534785714285714,0.16898268151494822,0.0633910714285714,0.059080325783699934,0.4470178571428572,0.641689785335844,13.381954107142858,13.615955608948727,2.5359026561135956
2138.0,12169.630613934429,11865.469590075889,63.05013262295081,65.23877190848448,22.868467049180328,21.518741528471633,0.0709803278688524,0.0744047150677358,0.1877722950819672,0.19946152309884704,1.614799508196721,1.6394021130625427,31.4593868852459,49.38267536943851,2.5064459016393443,2.517299657895199,0.1110016393442623,0.17032849368445954,0.0532229508196721,0.05827347178266906,0.460227868852459,0.6033249038750191,13.500348360655735,13.633146133823058,2.53966097169954
2140.0,11632.459473661973,11908.783086398842,64.27573295774648,65.13155431193981,21.130836056338023,21.8383714590745,0.0697901408450704,0.0736900018767605,0.1951688732394366,0.19816367375180088,1.627426197183099,1.6377601943279116,52.124312676056334,47.9114167742891,2.4436943661971826,2.5204603476046596,0.1864154929577464,0.16751390138627556,0.0399732394366197,0.05777027623753348,0.6438422535211268,0.593090944831695,13.29241366197183,13.629215082063707,2.5447426259215757
2142.0,10420.577717500002,11977.381223175698,63.253455,65.06526169089591,19.516987083333333,21.878751715675172,0.077,0.0726868192972881,0.1886976388888889,0.19797943423218767,1.617115277777778,1.6369715085052527,66.9888138888889,47.65338150925202,2.153936111111111,2.5261406520801284,0.1241472222222222,0.16520957928821045,0.0571402777777777,0.05530923611681352,0.4919541666666666,0.6271969782958745,11.588134583333334,13.619622191785696,2.5567960749919614
2144.0,10639.388393636364,12004.720934788218,64.6184789090909,65.01253044121044,18.918355818181816,21.95732791754195,0.0795181818181818,0.07205084072494661,0.1981790909090908,0.19745511875545996,1.629981090909091,1.6363487806305288,31.35514363636364,47.037818445918695,2.25388,2.531376466781483,0.1719509090909091,0.16745301235072982,0.0520272727272727,0.05470518372341569,0.6519400000000001,0.6240478235743252,12.390187999999997,13.606591855052404,2.5605553976743938
2146.0,11897.507971041668,12032.307495515775,64.00185416666666,65.03171947187155,21.65780145833333,22.10958474730516,0.06034375,0.07136084689800015,0.1939760416666667,0.19688235912316734,1.6241195833333333,1.6352440478792896,50.14169999999999,46.22946498764955,2.49226875,2.534266950513259,0.2151916666666666,0.16703970513060012,0.02595,0.054664698904057354,0.6683416666666666,0.6152517912881839,13.578656041666669,13.691354582710677,2.567197000156428
2148.0,10573.774321666666,12053.194041755874,64.79036666666667,64.59326795170358,18.987002083333334,22.197587454323894,0.0744,0.07086761371611264,0.1985799999999999,0.1962866672313682,1.632358958333333,1.6318998212664144,45.051802083333335,45.103304988847064,2.2341416666666665,2.538004440449037,0.2137354166666666,0.16421876324330534,0.0402479166666666,0.05304455315303312,0.6680208333333333,0.6151468500735607,12.203304166666667,13.68013899300153,2.5543149357382355
2150.0,10797.571955306124,12074.256969375012,65.22783204081634,64.6043472949632,18.867161632653065,22.14720223577347,0.0781285714285714,0.07056060096429212,0.2017563265306122,0.19672692363054164,1.6363340816326526,1.6313732453909489,20.31861836734694,45.33498665837373,2.3104571428571425,2.5433788541557116,0.1842775510204081,0.16468120010789025,0.0486551020408163,0.05302713467294365,0.5507653061224491,0.6103575800650826,12.749302653061225,13.698721924652826,2.5592174887734025
2152.0,9940.792862291666,12092.330314801358,66.668631875,64.39223205443336,16.731250208333332,22.232545306520883,0.0781458333333333,0.06998413537288566,0.2097797916666667,0.19594908424473673,1.6518693749999998,1.6303660782441358,50.55805625,45.342285325461596,2.1747791666666667,2.544943726188486,0.19554375,0.1632067191087654,0.04688125,0.05283616596992399,0.6302916666666666,0.5974115547878265,12.067554791666666,13.586286481929383,2.5546330042964183
2154.0,11171.033661041663,12101.043067763367,66.41864395833333,64.3292728475107,19.156028958333334,22.219612929245258,0.0601583333333333,0.06973510609178031,0.208235625,0.19468182758593844,1.6492743749999998,1.629420013210849,48.84321875,44.86493955813082,2.421075,2.5470068674486535,0.1884624999999999,0.16016549667887364,0.0300333333333333,0.052470350246385494,0.7830979166666667,0.587227054233666,13.371486041666666,13.575047841489456,2.5539740854515336
2156.0,12318.784612040818,12125.947003002977,61.48663408163265,64.35440756332694,24.03914836734694,22.420685611129343,0.0532122448979591,0.06956409190225474,0.178139387755102,0.1951792056890511,1.5988997959183675,1.629653934626856,51.32977959183673,44.991398886172014,2.480842857142857,2.5472581673288692,0.2064857142857142,0.1601788611787444,0.0202122448979591,0.051838939810732815,0.8472816326530611,0.567574932362631,13.187308367346938,13.58957239377947,2.560230103420461
2158.0,11984.760187499998,12126.784727269252,63.026180833333335,64.26075074045232,22.35088458333333,22.474047539304213,0.0529666666666666,0.06943162461162698,0.1880939583333333,0.19378438656193475,1.614100625,1.6276250454582084,52.24209166666666,43.71595025016604,2.474947916666667,2.5464545484913352,0.2100166666666666,0.15726142998116285,0.0193854166666666,0.0518701403827069,0.8488979166666667,0.5479009619208238,13.394465000000002,13.572871244201595,2.5566807435766847
2160.0,12829.064080208334,12122.482871029099,61.16374875,64.17087285718232,25.187402291666668,22.548974560546636,0.0581916666666666,0.0698404545876794,0.176259375,0.19320743213569036,1.5955483333333331,1.6276624569195735,29.258418750000004,44.23995820018298,2.572152083333333,2.5452967138820246,0.0621708333333333,0.17231900251116616,0.0482499999999999,0.051308354398315874,0.4608562499999999,0.5321450536780871,13.65496625,13.580069027481299,2.5521991700465185
2162.0,12440.206549591836,12129.592858406279,62.27915653061224,64.14791612201574,23.629431224489792,22.609080491927102,0.0745061224489796,0.06984465063857351,0.1835638775510203,0.19294622678579237,1.606465102040816,1.6277235485426942,19.709679591836736,44.707981304169245,2.5405693877551023,2.5475663168357876,0.0238183673469387,0.17593733899418892,0.0706857142857143,0.05112862866375484,0.2312775510204081,0.5257098832249774,13.67522551020408,13.563722091386852,2.5527824976222018
2164.0,12069.988335333335,12144.81118222177,64.03582366666667,63.99096395038329,22.004186,22.65360393104178,0.0757466666666666,0.06979543468240808,0.1939866666666666,0.1922252091525082,1.6246813333333334,1.6264357093664115,32.812603333333335,44.42779698602073,2.527856666666666,2.5475578229704077,0.1000033333333333,0.17502118278558643,0.0597466666666666,0.050979587663630484,0.5140100000000001,0.5318363314570138,13.755305,13.579243274528299,2.5497315437853185
2166.0,12590.512227,12147.144072084415,62.43434733333333,64.01959489239385,23.879315666666667,22.486476333457983,0.0587233333333333,0.06978916318189103,0.1843556666666667,0.19164173892562517,1.6081869999999998,1.6268162001487028,54.66068333333333,45.679340689116884,2.57539,2.545781686407548,0.1607066666666666,0.17405361619525758,0.03303,0.050139838332598226,0.8116,0.5428690556004626,13.856127,13.526261684789901,2.551362344469776
2168.0,12094.059254999998,12158.646564684965,64.341361,64.01785974927262,21.81752033333333,22.35562663062356,0.0655699999999999,0.06970662555304215,0.1960296666666666,0.19179894519954593,1.6276029999999997,1.627430838183635,38.72796000000001,45.10678712300292,2.54642,2.546786531132103,0.1015033333333333,0.1735129202632171,0.0493333333333333,0.04981889448444435,0.7545933333333334,0.537175701075784,13.908597666666669,13.851710841889036,2.5537090896291907
2170.0,11616.142599666668,12172.589785835824,66.15618533333334,64.3272999448014,19.836092,22.55627665296768,0.0762533333333333,0.0699400551757105,0.2071343333333333,0.19427020110298293,1.6460896666666665,1.6282747875864323,25.18724,46.015966721752115,2.5183433333333336,2.547164283831831,0.0468,0.17469020674548402,0.0687566666666666,0.04997929618628378,0.5975233333333333,0.5410995889160669,13.957241000000003,13.976227311364497,2.568995519220757
2172.0,10968.863197333332,12126.550441710126,68.724342,64.51799626205265,17.43205066666667,21.596875653211598,0.10171,0.07030546300492455,0.221897,0.19927530332428106,1.6732243333333336,1.632671715256711,26.07291666666667,46.72616789968169,2.47107,2.5474345924293713,0.0464333333333333,0.1746506464881191,0.0942799999999999,0.04939658161745352,0.6505766666666666,0.514718878700183,13.857283,13.911920531494452,2.566865931987686
2174.0,11734.19366382353,12134.273621478502,64.97922617647059,65.31850535039877,20.65902911764706,21.350362260481837,0.0884823529411764,0.0703231627936134,0.2002741176470588,0.20228654156178905,1.6337605882352944,1.644037775961126,38.37325882352941,48.19304857380939,2.5003941176470588,2.5460308266959144,0.10385,0.17133554365146372,0.0718823529411764,0.04987438685917189,0.369585294117647,0.4978932665743087,13.773009117647058,13.872576335110644,2.600369476600217
2176.0,12005.448965405409,12108.884582364186,63.49154999999999,66.23547514449665,22.077831081081083,21.2073821090997,0.0856891891891891,0.07047314110257445,0.1910775675675675,0.20518678575308935,1.618708918918919,1.652514800483472,17.419602702702708,49.1720293976466,2.498032432432432,2.549384932031198,0.0081378378378378,0.17183978712590084,0.0843837837837837,0.04976114698524796,0.1430189189189188,0.4997840551636141,13.586727297297294,13.906413091131368,2.6313573614920003
2178.0,12719.263285263158,12114.569409821055,60.74243605263157,66.42523384393121,25.221896842105267,21.246101325815122,0.0696710526315789,0.06984626904888605,0.1736260526315789,0.20709277815710564,1.5913197368421057,1.653915271646135,24.60216842105263,51.09840132370475,2.534250000000001,2.558173290955093,0.0338447368421052,0.1685803770209488,0.06425,0.04844469431655918,0.1618921052631579,0.5358157735299838,13.403838157894736,13.90503904840808,2.6401348620928453
2180.0,13345.157025,12188.870622108425,58.365753947368425,66.10379947234635,28.46965,21.865014440442547,0.0618421052631578,0.06940190122318712,0.1572452631578947,0.20515234475305943,1.568694736842105,1.649478557176993,38.51936842105263,58.15837700746358,2.551160526315789,2.566897426702948,0.1007552631578947,0.16234039379934284,0.045728947368421,0.04643660978834112,0.3114078947368421,0.5989282830901417,12.949662631578947,13.8977594324698,2.64347329198894
2182.0,12324.266956363635,12110.069403950383,62.90522545454546,65.93972114442047,22.99192454545454,22.202082799739483,0.0742454545454545,0.06907744058272851,0.1875481818181818,0.20599215260366005,1.6126936363636362,1.6470211335268565,118.72183636363636,62.96700658263629,2.5423454545454547,2.577492246407418,0.4641727272727273,0.1606891873995375,0.0001,0.04532599767102898,1.0,0.622221068325089,13.773769090909092,13.912717120170937,2.619864171706255
